Dist Name,Feature,MSE,MAE,RMSE,MAPE,R-squared
Ahmednagar,Area,28893.53258,129.3945098,169.9809771,6.876723695,-0.24255497
Ahmednagar,Annual Rainfall,15001.8439,101.2993213,122.4820146,21.25830834,-1.32E-05
Ahmednagar,TOTAL AREA (1000 ha),2896804,1702,1702,100,0
Ahmednagar,Evapotranspiration (mm),8015.428482,72.48639284,89.52892539,14.76531516,0.105730402
Ahmednagar,Precipitation (mm),26490.49579,131.211409,162.7590114,31.7598153,0.171377066
Ahmednagar,CULTIVABLE WASTE LAND AREA (1000 ha),35.4653811,3.068097737,5.955281781,14.71215972,0.175850339
Ahmednagar,Max Temp (Centigrate),0.11390434,0.275802321,0.33749717,0.850599485,0.177257666
Ahmednagar,Yield,12070849.15,2631.96162,3474.312759,13.31859893,0.240098213
Ahmednagar,Min Temp (Centigrate),0.135871421,0.314922473,0.368607408,1.657965185,0.297637938
Ahmednagar,GROSS CROPPED AREA (1000 ha),5180.240771,56.78296915,71.97388951,4.196941563,0.304060611
Ahmednagar,POTASH SHARE IN NPK (Percent),14.63481414,2.516428608,3.825547561,1062899.159,0.326991876
Ahmednagar,PERMANENT PASTURES AREA (1000 ha),13.90423444,2.328067363,3.728838216,5.996273855,0.414563573
Ahmednagar,PHOSPHATE SHARE IN NPK (Percent),12.98739942,2.820514337,3.603803465,12.27689954,0.449194605
Ahmednagar,Production,135197.419,290.7709084,367.6920165,22.80883174,0.494001729
Ahmednagar,NITROGEN SHARE IN NPK (Percent),21.10054866,3.714624421,4.593533352,6.368068521,0.53251754
Ahmednagar,OTHER FALLOW AREA (1000 ha),230.2124967,9.977240705,15.17275508,14.09685413,0.622902353
Ahmednagar,NET CROPPED AREA (1000 ha),1241.041025,21.75783574,35.22841219,1.916682681,0.6482484
Ahmednagar,CURRENT FALLOW AREA (1000 ha),809.9619479,18.43004311,28.45983043,27.90556035,0.65972665
Ahmednagar,CROPING INTENSITY (Percent),34.20740522,4.229206587,5.848709705,3.503298864,0.725315146
Ahmednagar,LAND PUT TO NONAGRICULTURAL USE AREA (1000 ha),6.356078431,1.02745098,2.521126421,9.308141395,0.797403277
Ahmednagar,BARREN AND UNCULTIVABLE LAND AREA (1000 ha),49.9427451,2.870588235,7.067018119,2.234316507,0.797909873
Ahmednagar,Irrigated Area,5124.603601,40.98125216,71.58633669,133179439.9,0.807678361
Ahmednagar,POTASH PER HA OF GCA (Kg per ha),11.74498543,2.320615056,3.427095771,97998.64808,0.837758259
Ahmednagar,POTASH CONSUMPTION (tons),24701447.45,3474.137045,4970.055075,168864072.4,0.840942169
Ahmednagar,POTASH PER HA OF NCA (Kg per ha),19.55466644,3.027851992,4.422065857,133178.8403,0.853175066
Ahmednagar,PHOSPHATE PER HA OF GCA (Kg per ha),28.18646988,4.065630751,5.309093131,38.61228661,0.859651466
Ahmednagar,PHOSPHATE CONSUMPTION (tons),55982327.88,5577.372549,7482.133912,31.90546854,0.864568923
Ahmednagar,NITROGEN PER HA OF GCA (Kg per ha),59.41482467,5.84544128,7.708101236,19.7366041,0.873318754
Ahmednagar,PHOSPHATE PER HA OF NCA (Kg per ha),44.21839216,4.949019608,6.649691132,32.25367596,0.874769858
Ahmednagar,TOTAL CONSUMPTION (tons),366575291.8,15186.10394,19146.15606,26.08792518,0.907133506
Ahmednagar,NITROGEN CONSUMPTION (tons),80591769.2,7273.375523,8977.291863,21.79521549,0.917281366
Ahmednagar,TOTAL PER HA OF NCA (Kg per ha),270.1723883,13.09046546,16.4369215,25.07480303,0.920292481
Ahmednagar,NITROGEN PER HA OF NCA (Kg per ha),64.54265136,6.36124764,8.033844121,20.86310204,0.922573534
Ahmednagar,FOREST AREA (1000 ha),3.858362168,1.315109573,1.964271409,0.760411734,0.959459348
Akola,Annual Rainfall,36664.1373,145.4651207,191.4788168,18.83856536,-0.000100187
Akola,Evapotranspiration (mm),6190.446118,61.19103318,78.67938814,9.832970288,-1.42E-05
Akola,Precipitation (mm),29124.37194,128.9385181,170.6586416,21.05428907,-1.69E-06
Akola,NITROGEN SHARE IN NPK (Percent),39.31387843,4.430588235,6.270078024,7.70533804,0.113816555
Akola,Max Temp (Centigrate),0.159067068,0.329795175,0.39883213,0.971085962,0.114898704
Akola,CULTIVABLE WASTE LAND AREA (1000 ha),16.19328482,2.512453185,4.024088073,22.96527208,0.249761512
Akola,POTASH SHARE IN NPK (Percent),23.55908238,3.158406548,4.853769915,853049.2679,0.366781883
Akola,Min Temp (Centigrate),0.172282969,0.342292929,0.415069836,1.618427644,0.370926892
Akola,Production,111390.8022,239.3744894,333.7526063,26.71317734,0.45262208
Akola,PERMANENT PASTURES AREA (1000 ha),35.47652285,3.309176215,5.956217159,7.116891024,0.453926787
Akola,Yield,10857984.4,2638.544527,3295.145581,14.90334486,0.491610965
Akola,PHOSPHATE SHARE IN NPK (Percent),32.54888417,3.743279299,5.70516294,15.10987097,0.49633775
Akola,OTHER FALLOW AREA (1000 ha),40.49067934,4.467631248,6.363228688,25.0821849,0.544995713
Akola,LAND PUT TO NONAGRICULTURAL USE AREA (1000 ha),49.03572517,4.138973303,7.002551333,10.50839993,0.55228017
Akola,NET CROPPED AREA (1000 ha),177.5190473,8.391917196,13.32362741,1.022009785,0.614296189
Akola,CURRENT FALLOW AREA (1000 ha),21.04705882,2.207843137,4.58770736,12.10429658,0.659601103
Akola,Area,9188.447175,55.81627451,95.85638828,4.357107138,0.666011687
Akola,BARREN AND UNCULTIVABLE LAND AREA (1000 ha),5.995276803,1.301818466,2.448525434,6.335871109,0.670027501
Akola,FOREST AREA (1000 ha),16.06259675,2.157844471,4.007816956,3.315392185,0.676451706
Akola,TOTAL AREA (1000 ha),0.036332057,0.069211717,0.190609697,0.006557463,0.72529163
Akola,Irrigated Area,151.6547325,8.650617589,12.3148176,18842368.67,0.74821491
Akola,POTASH PER HA OF GCA (Kg per ha),1.789311432,1.050394784,1.337651461,33647.78653,0.787471784
Akola,POTASH PER HA OF NCA (Kg per ha),3.067382152,1.280715639,1.751394345,49948.93494,0.823397753
Akola,POTASH CONSUMPTION (tons),1981353.595,1022.949864,1407.605625,46398016.68,0.82542798
Akola,GROSS CROPPED AREA (1000 ha),2830.913016,33.85863772,53.20632497,3.396872756,0.833668724
Akola,CROPING INTENSITY (Percent),35.07167849,3.549626577,5.922134623,2.88671071,0.857804142
Akola,PHOSPHATE PER HA OF GCA (Kg per ha),14.30396054,2.72471504,3.782057712,37.19557996,0.88341062
Akola,NITROGEN PER HA OF GCA (Kg per ha),21.89898403,3.355714446,4.679635032,16.45507973,0.892986275
Akola,NITROGEN CONSUMPTION (tons),22890858.24,3637.564542,4784.439177,17.25407373,0.91329526
Akola,NITROGEN PER HA OF NCA (Kg per ha),34.5968854,4.360139783,5.881911713,16.46727048,0.913493351
Akola,PHOSPHATE PER HA OF NCA (Kg per ha),20.76088438,3.124292459,4.556411349,44.09352975,0.913573678
Akola,PHOSPHATE CONSUMPTION (tons),13563491.82,2497.067818,3682.864621,43.6231023,0.913912421
Akola,TOTAL PER HA OF NCA (Kg per ha),103.7245805,7.195107749,10.18452652,17.21176547,0.92994494
Akola,TOTAL CONSUMPTION (tons),67543324.64,5949.720015,8218.474593,17.86484317,0.930557992
Amarawati,TOTAL AREA (1000 ha),0.004540011,0.034643697,0.067379606,0.002835598,-1.333709382
Amarawati,Evapotranspiration (mm),3782.524249,50.21489065,61.50222963,7.05916079,-0.000215589
Amarawati,Annual Rainfall,35107.63713,154.9463424,187.3703208,18.41850424,-0.000193522
Amarawati,Precipitation (mm),31842.76697,140.6324246,178.4454174,15.10585297,-9.94E-05
Amarawati,Max Temp (Centigrate),0.159013138,0.32592831,0.398764515,0.994208736,0.038515433
Amarawati,NITROGEN SHARE IN NPK (Percent),40.27791961,4.258627451,6.346488762,7.360777715,0.111361148
Amarawati,BARREN AND UNCULTIVABLE LAND AREA (1000 ha),1.054638094,0.525477068,1.026955741,2.653254623,0.241391357
Amarawati,POTASH SHARE IN NPK (Percent),20.10853726,3.178758231,4.484254371,1549716.311,0.264227045
Amarawati,Min Temp (Centigrate),0.183666179,0.360212985,0.428562923,1.7541069,0.274187455
Amarawati,Yield,11006870.31,2559.978528,3317.660367,14.89762071,0.325607267
Amarawati,PHOSPHATE SHARE IN NPK (Percent),26.4539125,3.568836616,5.143336709,14.42759966,0.350571435
Amarawati,OTHER FALLOW AREA (1000 ha),20.48294118,2.790196078,4.525808345,15.31932129,0.371366125
Amarawati,CULTIVABLE WASTE LAND AREA (1000 ha),4.42122125,1.318561347,2.102670029,12.17426963,0.378288619
Amarawati,Production,53589.12938,167.3854396,231.4932599,23.40992035,0.438980991
Amarawati,Area,7767.556127,57.1845098,88.13374001,5.167370237,0.571745676
Amarawati,PERMANENT PASTURES AREA (1000 ha),63.75525919,5.606799152,7.984689048,12.77857393,0.665743597
Amarawati,CROPING INTENSITY (Percent),75.65323652,5.174862971,8.6978869,4.297768666,0.668321191
Amarawati,NET CROPPED AREA (1000 ha),136.8048823,7.490023138,11.69636193,1.029090559,0.674468321
Amarawati,GROSS CROPPED AREA (1000 ha),4600.112857,42.20749093,67.82413182,4.748475407,0.726643694
Amarawati,CURRENT FALLOW AREA (1000 ha),21.84430277,3.207704964,4.67378891,20.23869574,0.759466388
Amarawati,POTASH PER HA OF GCA (Kg per ha),3.334231222,1.353505063,1.825987739,51198.06828,0.78012879
Amarawati,Irrigated Area,235.2095677,7.958985451,15.33654354,14643406.8,0.789576678
Amarawati,PHOSPHATE PER HA OF GCA (Kg per ha),17.69273333,2.667058824,4.206273093,25.96124654,0.808586362
Amarawati,POTASH PER HA OF NCA (Kg per ha),4.14835808,1.499187409,2.036751845,66308.14857,0.840473494
Amarawati,POTASH CONSUMPTION (tons),2302527.367,1107.630447,1517.408108,50795755.49,0.845365907
Amarawati,FOREST AREA (1000 ha),26.6127451,2.092156863,5.15875422,0.635475725,0.857874019
Amarawati,PHOSPHATE PER HA OF NCA (Kg per ha),17.27396154,2.710995741,4.156195561,23.72082751,0.884906464
Amarawati,PHOSPHATE CONSUMPTION (tons),9807356.899,2065.671163,3131.669986,26.55913619,0.885570064
Amarawati,NITROGEN PER HA OF GCA (Kg per ha),15.12687601,2.944132151,3.889328478,13.88348219,0.896220815
Amarawati,LAND PUT TO NONAGRICULTURAL USE AREA (1000 ha),1.837833451,0.941231223,1.355667161,2.391508547,0.90128557
Amarawati,TOTAL CONSUMPTION (tons),45415086.87,4562.488274,6739.071663,13.08069347,0.924822755
Amarawati,TOTAL PER HA OF NCA (Kg per ha),78.81324544,6.12083045,8.877682437,13.16403796,0.924960125
Amarawati,NITROGEN CONSUMPTION (tons),10000916.88,2149.194925,3162.422629,11.12721982,0.932429407
Amarawati,NITROGEN PER HA OF NCA (Kg per ha),16.83757924,2.811926182,4.103361943,10.93951977,0.934315203
Beed,PHOSPHATE SHARE IN NPK (Percent),39.36936279,4.257871939,6.274500999,15.81506867,-0.221096527
Beed,Annual Rainfall,33915.20849,137.436086,184.1608224,23.51208185,-0.000121356
Beed,NET CROPPED AREA (1000 ha),4971.88776,47.13883861,70.51161437,6.656929713,-6.74E-05
Beed,Evapotranspiration (mm),6059.078097,58.82573365,77.84008027,9.858945286,0.125717514
Beed,Yield,11529700.28,2494.59137,3395.541235,19.36316557,0.231749969
Beed,Max Temp (Centigrate),0.130070365,0.302791569,0.360652693,0.91900335,0.252397073
Beed,Precipitation (mm),26606.24924,133.5450668,163.1142214,23.71955704,0.266712959
Beed,POTASH SHARE IN NPK (Percent),22.06950471,3.528272398,4.697819144,1589179.938,0.279845911
Beed,CURRENT FALLOW AREA (1000 ha),1709.135717,26.94984181,41.34169466,35.15160405,0.298145305
Beed,NITROGEN SHARE IN NPK (Percent),42.34802242,5.228160524,6.507535818,9.487304467,0.315428196
Beed,FOREST AREA (1000 ha),1.271300366,0.672952445,1.127519564,2.84449296,0.337753
Beed,Min Temp (Centigrate),0.157260874,0.338620662,0.396561312,1.735288441,0.354024513
Beed,Production,60774.0807,192.9651378,246.5239962,30.69935604,0.38881674
Beed,CULTIVABLE WASTE LAND AREA (1000 ha),50.39800852,4.012697027,7.099155479,11.93073491,0.393421766
Beed,OTHER FALLOW AREA (1000 ha),364.0786529,9.762337167,19.08084518,16.5263658,0.435085942
Beed,GROSS CROPPED AREA (1000 ha),5395.043682,53.98913743,73.45096107,6.266772935,0.443051108
Beed,PERMANENT PASTURES AREA (1000 ha),5.351747516,1.422505937,2.313384429,3.777871137,0.487056356
Beed,CROPING INTENSITY (Percent),74.85552471,4.947286412,8.651908732,3.94660524,0.511131726
Beed,Area,17263.9677,86.52736065,131.3924187,6.434910449,0.525721048
Beed,LAND PUT TO NONAGRICULTURAL USE AREA (1000 ha),18.77111481,2.655755267,4.332564461,6.110736787,0.601564849
Beed,BARREN AND UNCULTIVABLE LAND AREA (1000 ha),5.706049633,1.182375607,2.388733897,5.9266704,0.640579514
Beed,POTASH PER HA OF NCA (Kg per ha),15.160429,2.604398119,3.893639558,90295.96573,0.770543787
Beed,POTASH PER HA OF GCA (Kg per ha),8.146592342,2.000576339,2.854223597,67842.14244,0.779112224
Beed,POTASH CONSUMPTION (tons),8119121.358,1879.851283,2849.407194,96373210.21,0.779789459
Beed,Irrigated Area,1982.062061,26.1001875,44.52035558,41575283.64,0.807411093
Beed,NITROGEN PER HA OF NCA (Kg per ha),74.06181976,5.753726362,8.605917718,46.94425852,0.887348625
Beed,PHOSPHATE PER HA OF GCA (Kg per ha),15.05090512,2.567338063,3.879549602,56.43414534,0.898332337
Beed,NITROGEN PER HA OF GCA (Kg per ha),37.67845962,4.088439372,6.138278229,39.01205029,0.898647352
Beed,TOTAL PER HA OF NCA (Kg per ha),233.9340134,10.28489998,15.29490155,51.06072302,0.903169088
Beed,PHOSPHATE PER HA OF NCA (Kg per ha),23.08133811,3.34898729,4.804304124,64.59404856,0.910134414
Beed,PHOSPHATE CONSUMPTION (tons),12731416.04,2389.498654,3568.11099,49.7033458,0.910764276
Beed,TOTAL AREA (1000 ha),45.74352941,0.952941176,6.763396293,0.089152782,0.919057778
Beed,NITROGEN CONSUMPTION (tons),22427582.52,3373.451527,4735.776865,38.93728617,0.93704309
Beed,TOTAL CONSUMPTION (tons),79637506.06,6270.660002,8923.984875,41.58601358,0.939926454
Bhandara,Max Temp (Centigrate),0.148804061,0.306321638,0.385751295,0.932728907,-0.046498387
Bhandara,PERMANENT PASTURES AREA (1000 ha),76.71220327,5.45158371,8.758550295,4.515763353,-0.000448863
Bhandara,Evapotranspiration (mm),4385.081934,54.00602187,66.21995118,6.274292224,-0.00014495
Bhandara,Annual Rainfall,98332.61466,234.9717949,313.5803161,18.88816656,-3.47E-05
Bhandara,Precipitation (mm),88113.28389,228.5620995,296.838818,16.07955318,0.08806197
Bhandara,CROPING INTENSITY (Percent),50.39612874,5.261237343,7.099023084,4.06429766,0.109459076
Bhandara,OTHER FALLOW AREA (1000 ha),72.53794964,4.253311669,8.516921371,37.16396918,0.127921472
Bhandara,BARREN AND UNCULTIVABLE LAND AREA (1000 ha),14.61996167,1.93766997,3.823605847,9.10878661,0.13601774
Bhandara,NET CROPPED AREA (1000 ha),454.5406643,9.001669032,21.31995929,2.785804802,0.167503978
Bhandara,PHOSPHATE SHARE IN NPK (Percent),19.70677362,3.580441648,4.439231197,15.47913027,0.193354828
Bhandara,Yield,9479518.602,2263.152157,3078.882687,16.92155793,0.21199431
Bhandara,CURRENT FALLOW AREA (1000 ha),52.88439118,4.260062806,7.272165508,35.70467704,0.243091161
Bhandara,CULTIVABLE WASTE LAND AREA (1000 ha),18.10651541,2.25001325,4.255175132,11.43575711,0.275026507
Bhandara,Min Temp (Centigrate),0.159488221,0.319142449,0.399359763,1.535837208,0.279049682
Bhandara,NITROGEN SHARE IN NPK (Percent),33.68580513,4.595489418,5.803947375,7.354979837,0.323215515
Bhandara,GROSS CROPPED AREA (1000 ha),723.535813,19.32268337,26.89862102,4.261650497,0.34437742
Bhandara,POTASH CONSUMPTION (tons),1458790.788,851.0831569,1207.804118,48.4931594,0.365323073
Bhandara,POTASH PER HA OF NCA (Kg per ha),10.76755615,2.285147292,3.281395458,45.42022377,0.392825026
Bhandara,POTASH PER HA OF GCA (Kg per ha),7.254649407,1.796695545,2.693445638,47.65745778,0.394631257
Bhandara,Production,15291.78672,101.5686966,123.6599641,24.91177298,0.435620936
Bhandara,Area,2109.553006,33.04231687,45.92987051,6.454774839,0.452289433
Bhandara,TOTAL AREA (1000 ha),0.355124182,0.13211196,0.595922966,0.014240833,0.490991152
Bhandara,LAND PUT TO NONAGRICULTURAL USE AREA (1000 ha),16.11656898,2.276455684,4.014544679,2.734933205,0.51739711
Bhandara,POTASH SHARE IN NPK (Percent),22.420575,2.951861668,4.735036958,17415.2781,0.517557632
Bhandara,Irrigated Area,1171.479573,17.69099987,34.22688378,38533567.46,0.794472516
Bhandara,FOREST AREA (1000 ha),14.00804298,1.65524198,3.742732021,0.614961656,0.809809142
Bhandara,PHOSPHATE CONSUMPTION (tons),4794582.659,1680.032659,2189.653548,37.32980044,0.890152847
Bhandara,PHOSPHATE PER HA OF GCA (Kg per ha),17.03293756,3.032974885,4.127097959,31.72768883,0.915113037
Bhandara,PHOSPHATE PER HA OF NCA (Kg per ha),25.4221022,3.82426727,5.042033538,33.45418971,0.925351367
Bhandara,TOTAL CONSUMPTION (tons),32536195.72,4088.945404,5704.050817,21.56404968,0.926347802
Bhandara,TOTAL PER HA OF NCA (Kg per ha),250.9408293,11.39111894,15.841112,21.75429692,0.928030011
Bhandara,NITROGEN PER HA OF NCA (Kg per ha),101.4411916,7.501398971,10.0718018,21.24750017,0.930944127
Bhandara,NITROGEN CONSUMPTION (tons),12227988.35,2590.759282,3496.854065,21.42852799,0.933789555
Bhandara,NITROGEN PER HA OF GCA (Kg per ha),51.22015142,5.357463116,7.156825513,20.84988335,0.939625051
Buldhana,OTHER FALLOW AREA (1000 ha),109.9138638,6.90260181,10.48398129,27.61894181,-0.00034095
Buldhana,Precipitation (mm),27004.71737,119.4179072,164.3311211,19.84062118,-0.000187311
Buldhana,Evapotranspiration (mm),5880.992872,59.89649698,76.6876318,9.838616403,-1.12E-05
Buldhana,Annual Rainfall,25470.22976,135.9628333,159.5939528,19.58633162,0.115790697
Buldhana,CULTIVABLE WASTE LAND AREA (1000 ha),60.50968364,4.129851296,7.778797056,19.21386656,0.150739312
Buldhana,NET CROPPED AREA (1000 ha),296.3658399,11.72416342,17.21527926,1.744901,0.214694361
Buldhana,CURRENT FALLOW AREA (1000 ha),34.26264501,3.821204748,5.853430191,23.56513597,0.232651753
Buldhana,Production,87073.47451,222.5253206,295.0821487,29.47542097,0.240628124
Buldhana,Max Temp (Centigrate),0.145813213,0.318392518,0.381854963,0.967983111,0.249939288
Buldhana,NITROGEN SHARE IN NPK (Percent),29.82912562,4.417847737,5.461604675,7.597637417,0.283272439
Buldhana,Area,5455.36774,53.93200502,73.86046128,4.856590565,0.331138727
Buldhana,POTASH SHARE IN NPK (Percent),28.07121622,3.601288037,5.298227649,28.90063013,0.334587395
Buldhana,Yield,11892766.27,2836.523825,3448.589026,15.65317277,0.361447171
Buldhana,Min Temp (Centigrate),0.157657084,0.330642037,0.397060554,1.59630652,0.453851864
Buldhana,PHOSPHATE SHARE IN NPK (Percent),21.48276557,3.271904113,4.634950438,13.06014993,0.46762406
Buldhana,GROSS CROPPED AREA (1000 ha),2149.860709,31.50533848,46.36659044,3.884992901,0.577290083
Buldhana,FOREST AREA (1000 ha),101.5490577,4.269855407,10.07715524,5.029298192,0.607770202
Buldhana,TOTAL AREA (1000 ha),1.961798116,0.206712928,1.400642037,0.021368252,0.648167285
Buldhana,PERMANENT PASTURES AREA (1000 ha),9.581250571,1.920138991,3.095359522,5.023041654,0.666711433
Buldhana,POTASH PER HA OF GCA (Kg per ha),9.806581023,2.122529265,3.131546107,36.22836416,0.678315984
Buldhana,POTASH CONSUMPTION (tons),8136294.633,1771.076177,2852.419084,72149388.87,0.687929887
Buldhana,POTASH PER HA OF NCA (Kg per ha),18.34147242,2.685845996,4.282694528,79350.42146,0.691094141
Buldhana,CROPING INTENSITY (Percent),40.08909085,3.97654493,6.331594653,3.291367389,0.707974997
Buldhana,Irrigated Area,164.7225353,7.650717746,12.83442774,14757006.87,0.7254476
Buldhana,BARREN AND UNCULTIVABLE LAND AREA (1000 ha),20.9561298,2.856348468,4.577786561,8.748146622,0.813960757
Buldhana,PHOSPHATE PER HA OF GCA (Kg per ha),22.40045098,3.332156863,4.73291147,26.44586725,0.913962884
Buldhana,PHOSPHATE PER HA OF NCA (Kg per ha),39.58098824,4.410196078,6.291342324,27.05492187,0.917348675
Buldhana,PHOSPHATE CONSUMPTION (tons),17349867.24,2918.882353,4165.317183,26.74385102,0.917668272
Buldhana,TOTAL CONSUMPTION (tons),109174004.6,7308.294118,10448.63649,17.88688256,0.924781464
Buldhana,TOTAL PER HA OF NCA (Kg per ha),232.883302,10.53297288,15.26051447,18.81027653,0.929508227
Buldhana,NITROGEN PER HA OF GCA (Kg per ha),27.50222815,3.718689507,5.244256683,14.31965812,0.940804555
Buldhana,NITROGEN CONSUMPTION (tons),21406850.75,3615.45098,4626.753802,16.99066159,0.94290538
Buldhana,NITROGEN PER HA OF NCA (Kg per ha),45.79450706,5.029017712,6.767163886,16.61214364,0.946201438
Buldhana,LAND PUT TO NONAGRICULTURAL USE AREA (1000 ha),4.433112772,1.284536903,2.105495849,3.300598415,0.954085882
Chandrapur,TOTAL AREA (1000 ha),0.003132614,0.022624434,0.05596976,0.000875807,-0.018491124
Chandrapur,Precipitation (mm),68894.88317,208.8972926,262.478348,15.67427208,-0.001877329
Chandrapur,Evapotranspiration (mm),3866.947474,51.25069759,62.1847849,5.880065318,-0.000417469
Chandrapur,Annual Rainfall,76393.75774,212.4902787,276.3942071,19.58345138,0.047720002
Chandrapur,Max Temp (Centigrate),0.121957672,0.281327419,0.349224386,0.841156947,0.079819054
Chandrapur,Yield,10333755.19,2507.571391,3214.61587,20.56950229,0.08861785
Chandrapur,Production,26566.1178,132.7237986,162.9911587,20.2466259,0.251953181
Chandrapur,NITROGEN SHARE IN NPK (Percent),23.65803357,3.698092624,4.863952464,6.054028302,0.265891421
Chandrapur,Min Temp (Centigrate),0.160329829,0.316471314,0.400412074,1.497009757,0.286728255
Chandrapur,GROSS CROPPED AREA (1000 ha),528.2724388,17.20952021,22.98417801,2.317806629,0.297845123
Chandrapur,OTHER FALLOW AREA (1000 ha),113.3856151,5.076335528,10.64826817,17.57505483,0.329623592
Chandrapur,POTASH SHARE IN NPK (Percent),28.43494993,3.255133925,5.332443148,27.66300807,0.381885344
Chandrapur,PHOSPHATE SHARE IN NPK (Percent),20.67524212,3.625231478,4.547003642,17.1203798,0.417271951
Chandrapur,Area,3607.051769,41.64117647,60.05873599,4.431251801,0.50293518
Chandrapur,CROPING INTENSITY (Percent),10.66775326,2.186472694,3.266152669,1.904087787,0.638446892
Chandrapur,NET CROPPED AREA (1000 ha),206.0817647,9.488235294,14.35554822,1.447603082,0.714362224
Chandrapur,CULTIVABLE WASTE LAND AREA (1000 ha),32.22039216,3.043137255,5.676300922,5.262266636,0.772686096
Chandrapur,POTASH CONSUMPTION (tons),821876.8774,709.4150079,906.5742537,28391544.79,0.782747356
Chandrapur,POTASH PER HA OF GCA (Kg per ha),1.493962632,0.974891693,1.222277641,29756.18299,0.787028484
Chandrapur,POTASH PER HA OF NCA (Kg per ha),1.953456896,1.092344711,1.397661224,35347.91451,0.803295572
Chandrapur,BARREN AND UNCULTIVABLE LAND AREA (1000 ha),2.582941176,0.743137255,1.607153128,2.003784815,0.805216641
Chandrapur,CURRENT FALLOW AREA (1000 ha),84.11957694,5.331262928,9.171672527,17.68621166,0.812706743
Chandrapur,Irrigated Area,610.0711239,8.722725654,24.69961789,33919617.51,0.838070181
Chandrapur,FOREST AREA (1000 ha),47.45470588,3.47254902,6.888737612,0.234605741,0.884626394
Chandrapur,PERMANENT PASTURES AREA (1000 ha),108.051575,5.685056237,10.39478595,4.784271156,0.904883981
Chandrapur,PHOSPHATE PER HA OF GCA (Kg per ha),8.853054806,2.201928622,2.975408343,43.20158753,0.94108858
Chandrapur,PHOSPHATE PER HA OF NCA (Kg per ha),11.69598025,2.432992424,3.419938632,45.46480198,0.943709188
Chandrapur,PHOSPHATE CONSUMPTION (tons),4234787.583,1519.147371,2057.859952,48.02280898,0.947284269
Chandrapur,LAND PUT TO NONAGRICULTURAL USE AREA (1000 ha),20.61115505,2.358750122,4.539950997,1.632593848,0.955540028
Chandrapur,TOTAL CONSUMPTION (tons),25677161.68,4099.09954,5067.263727,23.86390497,0.965124191
Chandrapur,TOTAL PER HA OF NCA (Kg per ha),56.76401806,6.056886202,7.53418994,23.05263197,0.970307685
Chandrapur,NITROGEN CONSUMPTION (tons),6487394.724,2026.089401,2547.036459,19.88550569,0.976454365
Chandrapur,NITROGEN PER HA OF NCA (Kg per ha),14.93670628,2.979927823,3.864803524,21.67516304,0.979083015
Dhule,PHOSPHATE SHARE IN NPK (Percent),11.87769449,2.494362745,3.446403123,11.21863581,-0.002282352
Dhule,Annual Rainfall,26438.55058,132.2867647,162.599356,22.0634634,-0.000238118
Dhule,Evapotranspiration (mm),6681.924929,67.12815988,81.74304208,12.24330784,-4.54E-05
Dhule,TOTAL AREA (1000 ha),8.242062522,0.919871795,2.870899253,0.064373481,-1.42E-05
Dhule,OTHER FALLOW AREA (1000 ha),173.4343159,5.787750905,13.1694463,44.19961942,0.116998972
Dhule,CURRENT FALLOW AREA (1000 ha),173.4778016,7.054977199,13.17109721,80.81929864,0.132553196
Dhule,Precipitation (mm),20807.38464,119.2535469,144.2476504,22.98906498,0.134812284
Dhule,NITROGEN SHARE IN NPK (Percent),21.50712083,3.294760964,4.637577043,5.209038465,0.155201505
Dhule,NET CROPPED AREA (1000 ha),968.3339528,21.60213465,31.11806473,3.158417615,0.163039716
Dhule,Max Temp (Centigrate),0.134924122,0.303764839,0.36732019,0.889199485,0.203631908
Dhule,BARREN AND UNCULTIVABLE LAND AREA (1000 ha),81.11096907,5.933078614,9.006162838,9.018784396,0.256059368
Dhule,PERMANENT PASTURES AREA (1000 ha),110.41477,5.241878805,10.50784326,42.91219867,0.290732094
Dhule,CULTIVABLE WASTE LAND AREA (1000 ha),3.677813926,1.124370323,1.91776274,17.91575033,0.345553371
Dhule,Min Temp (Centigrate),0.143211013,0.327299322,0.378432309,1.631737513,0.362987515
Dhule,Area,5008.651981,50.36582061,70.77183042,5.140362579,0.370341587
Dhule,POTASH SHARE IN NPK (Percent),10.9049258,2.446811472,3.30226071,670411.295,0.448533128
Dhule,Production,44192.33003,163.2692481,210.2197185,23.51687138,0.511078631
Dhule,Yield,7940361.529,2333.217451,2817.864711,11.23317409,0.584171737
Dhule,CROPING INTENSITY (Percent),14.34295052,2.65913366,3.787208803,2.341880856,0.604289349
Dhule,GROSS CROPPED AREA (1000 ha),1029.73053,24.50944733,32.08941462,3.106198823,0.615302158
Dhule,LAND PUT TO NONAGRICULTURAL USE AREA (1000 ha),2.973979239,0.964705882,1.724522902,4.464593389,0.777708936
Dhule,Irrigated Area,374.9026373,12.11117647,19.36240267,16019621.88,0.78151109
Dhule,FOREST AREA (1000 ha),43.47177983,3.570167185,6.593313266,0.643026281,0.79357411
Dhule,PHOSPHATE PER HA OF GCA (Kg per ha),12.8133182,2.599483042,3.579569555,22.84899155,0.879437105
Dhule,PHOSPHATE PER HA OF NCA (Kg per ha),17.87449194,3.021880625,4.227823546,24.0687568,0.889004128
Dhule,POTASH PER HA OF GCA (Kg per ha),7.483703659,1.842122422,2.735635878,121080.1303,0.891697198
Dhule,POTASH PER HA OF NCA (Kg per ha),11.47511225,2.281520641,3.387493505,157057.446,0.895117032
Dhule,POTASH CONSUMPTION (tons),5688516.389,1546.543043,2385.061087,128721251.7,0.897149704
Dhule,PHOSPHATE CONSUMPTION (tons),7334057.815,2015.213379,2708.146565,23.00182581,0.910213956
Dhule,TOTAL PER HA OF NCA (Kg per ha),190.0491752,9.578437313,13.78583241,16.79758613,0.939801773
Dhule,NITROGEN PER HA OF NCA (Kg per ha),69.98182709,5.421529323,8.365514156,17.81146347,0.940271026
Dhule,NITROGEN PER HA OF GCA (Kg per ha),38.74285428,4.384685426,6.224375814,15.51793948,0.949760681
Dhule,TOTAL CONSUMPTION (tons),64572100.75,5889.722742,8035.676745,14.79962149,0.959467541
Dhule,NITROGEN CONSUMPTION (tons),21304802.64,3510.938411,4615.712582,16.77352393,0.963792697
Jalgaon,PHOSPHATE SHARE IN NPK (Percent),65.51831323,4.543312029,8.094338344,17.51390653,-1.045961999
Jalgaon,NITROGEN SHARE IN NPK (Percent),61.01215391,4.891293941,7.811027711,9.144649796,-0.480996971
Jalgaon,Precipitation (mm),25152.23478,122.028963,158.594561,19.13257508,-2.14E-05
Jalgaon,Annual Rainfall,31077.08838,145.2361237,176.286949,21.61027241,-1.29E-05
Jalgaon,Evapotranspiration (mm),6123.245942,62.73549774,78.25117214,9.847632605,-1.76E-06
Jalgaon,CURRENT FALLOW AREA (1000 ha),117.0890845,6.246285726,10.82077098,50.30163414,0.138126787
Jalgaon,OTHER FALLOW AREA (1000 ha),28.61838117,3.5333223,5.349615048,46.0193343,0.205252405
Jalgaon,Max Temp (Centigrate),0.137651117,0.309509462,0.371013635,0.901341368,0.261351531
Jalgaon,CULTIVABLE WASTE LAND AREA (1000 ha),8.418425799,1.812197046,2.90145236,21.07868614,0.294152815
Jalgaon,BARREN AND UNCULTIVABLE LAND AREA (1000 ha),32.82110966,3.634783477,5.728971082,5.111672267,0.308434473
Jalgaon,NET CROPPED AREA (1000 ha),391.0104662,13.29692953,19.77398458,1.628768481,0.424272028
Jalgaon,Min Temp (Centigrate),0.14761554,0.325448445,0.384207679,1.587678653,0.431894789
Jalgaon,Production,79866.67602,225.0910483,282.6069285,21.23719958,0.437275102
Jalgaon,Yield,11884761.62,2753.788374,3447.428262,12.79170213,0.460773003
Jalgaon,CROPING INTENSITY (Percent),151.7257898,7.622590022,12.31770229,5.987442517,0.495387572
Jalgaon,POTASH SHARE IN NPK (Percent),18.60398811,3.138802309,4.313234066,108610.3293,0.513464826
Jalgaon,GROSS CROPPED AREA (1000 ha),12238.58266,69.58668625,110.6281278,6.537825716,0.557496289
Jalgaon,Area,8556.637083,64.63743106,92.50209232,5.338089135,0.565743974
Jalgaon,FOREST AREA (1000 ha),17.69106249,2.41610894,4.206074475,1.524782978,0.630257208
Jalgaon,LAND PUT TO NONAGRICULTURAL USE AREA (1000 ha),11.46411765,1.38627451,3.385870294,11.98424169,0.673557307
Jalgaon,TOTAL AREA (1000 ha),0.000512473,0.007077021,0.022637858,0.000608029,0.730173834
Jalgaon,PHOSPHATE PER HA OF GCA (Kg per ha),63.93884902,5.140196078,7.99617715,25.98068386,0.75169421
Jalgaon,POTASH PER HA OF GCA (Kg per ha),64.72502345,5.148174674,8.045186352,218709.5242,0.80939893
Jalgaon,NITROGEN PER HA OF GCA (Kg per ha),164.8059177,8.26867123,12.83767571,16.02570152,0.83159607
Jalgaon,PHOSPHATE PER HA OF NCA (Kg per ha),78.65059804,5.672352941,8.86851724,23.79836462,0.834592608
Jalgaon,POTASH CONSUMPTION (tons),77492286.08,5309.548589,8802.970299,26.07569491,0.837394631
Jalgaon,PERMANENT PASTURES AREA (1000 ha),17.68028272,2.8320559,4.204792828,6.140685883,0.838641745
Jalgaon,POTASH PER HA OF NCA (Kg per ha),99.49926756,6.22171843,9.974931958,311696.3025,0.848357882
Jalgaon,PHOSPHATE CONSUMPTION (tons),51701441.84,4582.313725,7190.371468,22.83046693,0.848885367
Jalgaon,Irrigated Area,668.0762822,16.35121962,25.84717165,24640301.73,0.875492496
Jalgaon,TOTAL PER HA OF NCA (Kg per ha),903.133398,18.30607843,30.05217793,14.47163074,0.884255052
Jalgaon,TOTAL CONSUMPTION (tons),610287068.2,14738.5098,24703.98891,13.96812733,0.89208199
Jalgaon,NITROGEN PER HA OF NCA (Kg per ha),171.9996772,8.989405342,13.11486474,15.07882237,0.907067211
Jalgaon,NITROGEN CONSUMPTION (tons),123072986.8,7581.411765,11093.82652,14.3393519,0.908139707
Kolhapur,POTASH SHARE IN NPK (Percent),19.81991065,2.798022053,4.451955823,13.04070624,-0.119906512
Kolhapur,NITROGEN SHARE IN NPK (Percent),23.9669,3.566470588,4.895600065,6.292599282,-0.103815075
Kolhapur,Evapotranspiration (mm),3940.154092,52.22393288,62.77064674,6.804398,-0.002549913
Kolhapur,Max Temp (Centigrate),0.076216216,0.232816728,0.276072845,0.786849133,0.125760311
Kolhapur,Min Temp (Centigrate),0.1054124,0.269100624,0.324672758,1.443706678,0.163837755
Kolhapur,Precipitation (mm),222949.7823,393.8199187,472.1755842,22.49477956,0.173402612
Kolhapur,PHOSPHATE SHARE IN NPK (Percent),10.64823826,2.489692467,3.263163841,11.33432512,0.207401491
Kolhapur,BARREN AND UNCULTIVABLE LAND AREA (1000 ha),5.128427901,1.411315336,2.264603255,3.581169592,0.220607306
Kolhapur,Annual Rainfall,110014.4987,267.7037223,331.684336,15.99074243,0.244995098
Kolhapur,NET CROPPED AREA (1000 ha),102.3755591,5.571575937,10.1180808,1.306284711,0.364997245
Kolhapur,PERMANENT PASTURES AREA (1000 ha),5.803995238,1.314796665,2.409148239,3.496885421,0.41009855
Kolhapur,CROPING INTENSITY (Percent),314.8250246,8.871480621,17.74330929,6.636922786,0.584139194
Kolhapur,OTHER FALLOW AREA (1000 ha),20.69116727,2.886169774,4.548754474,10.48400685,0.584462615
Kolhapur,PHOSPHATE PER HA OF GCA (Kg per ha),135.7087137,8.323921569,11.6494083,29.63016471,0.596834791
Kolhapur,GROSS CROPPED AREA (1000 ha),5905.410092,41.74175772,76.84666611,7.469186681,0.615410494
Kolhapur,POTASH PER HA OF GCA (Kg per ha),108.5623557,7.48951797,10.41932607,187534.9507,0.618738131
Kolhapur,FOREST AREA (1000 ha),2.814375428,0.939905104,1.677610034,0.640960992,0.648650195
Kolhapur,CURRENT FALLOW AREA (1000 ha),20.29830371,2.876699264,4.505363882,13.14161927,0.693940856
Kolhapur,NITROGEN PER HA OF GCA (Kg per ha),369.6671436,14.40183566,19.22672993,21.98516629,0.724627751
Kolhapur,Area,1428.329485,26.12703144,37.79324655,4.732051827,0.728031426
Kolhapur,Irrigated Area,571.2891355,13.13047029,23.9016555,13847410.67,0.754969579
Kolhapur,Yield,6060369.829,1992.394208,2461.78184,7.921926114,0.760453736
Kolhapur,PHOSPHATE PER HA OF NCA (Kg per ha),121.6875815,8.375191981,11.03120943,26.20393512,0.804909345
Kolhapur,POTASH PER HA OF NCA (Kg per ha),90.0957842,7.015764704,9.491879909,275934.0857,0.822227222
Kolhapur,POTASH CONSUMPTION (tons),15878201.92,2917.762508,3984.746155,176784469.2,0.832105875
Kolhapur,PHOSPHATE CONSUMPTION (tons),16827882.66,3214.750186,4102.180233,29.68637406,0.855833251
Kolhapur,TOTAL CONSUMPTION (tons),214620027.4,11069.9042,14649.91561,17.68137752,0.876422142
Kolhapur,LAND PUT TO NONAGRICULTURAL USE AREA (1000 ha),1.504674209,0.735261563,1.226651625,2.323890365,0.876936513
Kolhapur,TOTAL PER HA OF NCA (Kg per ha),1103.646547,25.7296747,33.22117619,17.45508472,0.881375072
Kolhapur,NITROGEN PER HA OF NCA (Kg per ha),268.0285511,12.60151119,16.37157754,17.31977005,0.895852309
Kolhapur,NITROGEN CONSUMPTION (tons),46002095.93,5344.302997,6782.484496,17.60096665,0.903916632
Kolhapur,TOTAL AREA (1000 ha),33.97215686,0.878431373,5.828563877,0.112857572,0.905282227
Kolhapur,Production,17876.59579,105.657413,133.7033874,7.765118468,0.927998593
Kolhapur,CULTIVABLE WASTE LAND AREA (1000 ha),14.97354601,2.375978414,3.869566643,4.941921056,0.937957442
Nagpur,NITROGEN SHARE IN NPK (Percent),77.85355072,5.945132418,8.823465913,12.12393085,-0.13149982
Nagpur,Precipitation (mm),49330.33112,176.4725302,222.1043248,14.78904534,-0.000826981
Nagpur,Evapotranspiration (mm),4752.897179,56.15349925,68.94125891,6.846532388,-0.000140437
Nagpur,Annual Rainfall,40639.45416,164.7878189,201.5922969,16.56785888,0.042964021
Nagpur,Max Temp (Centigrate),0.138823714,0.286446605,0.372590545,0.870651742,0.065545071
Nagpur,CURRENT FALLOW AREA (1000 ha),28.93633696,3.063851055,5.379250595,15.56360394,0.175126055
Nagpur,PHOSPHATE SHARE IN NPK (Percent),78.88491624,5.042291533,8.881718091,17.65093648,0.204527024
Nagpur,Min Temp (Centigrate),0.173533654,0.335265141,0.416573708,1.633421476,0.242788992
Nagpur,Yield,11804035.72,2678.109439,3435.700179,18.20710314,0.278440978
Nagpur,POTASH SHARE IN NPK (Percent),22.1524197,3.116198375,4.706635709,34.19566401,0.288370102
Nagpur,CULTIVABLE WASTE LAND AREA (1000 ha),72.87100846,5.610633164,8.536451749,23.29861872,0.326430093
Nagpur,GROSS CROPPED AREA (1000 ha),762.8001961,16.47254902,27.6188377,2.677936633,0.418656389
Nagpur,CROPING INTENSITY (Percent),26.40152157,2.554117647,5.138241097,2.202173016,0.432820018
Nagpur,BARREN AND UNCULTIVABLE LAND AREA (1000 ha),44.8863601,3.754071244,6.69972836,15.6667755,0.449533954
Nagpur,OTHER FALLOW AREA (1000 ha),58.7063681,4.406110828,7.662008099,19.16790326,0.503867409
Nagpur,NET CROPPED AREA (1000 ha),166.3525362,7.848310086,12.89777253,1.485185327,0.5242928
Nagpur,TOTAL AREA (1000 ha),0.280311979,0.285868066,0.529444972,0.028957853,0.539232114
Nagpur,Production,19909.41092,109.9342556,141.100712,19.22862349,0.566246085
Nagpur,Area,2438.611807,34.25438113,49.38230257,3.929576881,0.568745613
Nagpur,PHOSPHATE PER HA OF GCA (Kg per ha),100.0543444,5.758005526,10.00271685,34.18589413,0.611609477
Nagpur,FOREST AREA (1000 ha),45.49789721,4.332984492,6.745212911,2.518539209,0.61623829
Nagpur,PHOSPHATE PER HA OF NCA (Kg per ha),130.8080707,6.588530241,11.4371356,34.05655861,0.621075854
Nagpur,PHOSPHATE CONSUMPTION (tons),35246506.88,3532.720268,5936.876863,35.79374426,0.656584185
Nagpur,POTASH PER HA OF GCA (Kg per ha),5.404925275,1.731948644,2.324849517,56052.06798,0.690411133
Nagpur,POTASH PER HA OF NCA (Kg per ha),6.86710679,1.930575258,2.620516512,66607.75205,0.716581512
Nagpur,PERMANENT PASTURES AREA (1000 ha),150.4370773,7.639375943,12.26527934,10.98482277,0.72547972
Nagpur,POTASH CONSUMPTION (tons),2027990.183,1046.651201,1424.075203,48266509.25,0.72734075
Nagpur,Irrigated Area,284.1311312,10.06847248,16.8561897,22153236.95,0.863594371
Nagpur,LAND PUT TO NONAGRICULTURAL USE AREA (1000 ha),20.17223146,2.628962092,4.491350739,3.376647302,0.875722978
Nagpur,TOTAL PER HA OF NCA (Kg per ha),239.4044753,10.7714096,15.47270097,19.97814742,0.883714419
Nagpur,TOTAL CONSUMPTION (tons),66452484.85,5809.51076,8151.839354,19.8954291,0.894679075
Nagpur,NITROGEN PER HA OF GCA (Kg per ha),22.53943585,3.440237399,4.747571574,13.91184964,0.946416296
Nagpur,NITROGEN PER HA OF NCA (Kg per ha),31.30322102,4.104441457,5.594928152,14.34559484,0.946616484
Nagpur,NITROGEN CONSUMPTION (tons),9105220.688,2182.944579,3017.485822,14.04564521,0.949703788
Nanded,TOTAL AREA (1000 ha),0.001427923,0.018384689,0.037787868,0.001779526,-0.857013827
Nanded,Precipitation (mm),47213.44527,154.5133715,217.286551,19.57816955,0.044279295
Nanded,Annual Rainfall,77626.19449,203.2871306,278.6147779,25.063551,0.052540124
Nanded,Evapotranspiration (mm),3521.962252,48.0924467,59.34612247,6.314628857,0.072940189
Nanded,OTHER FALLOW AREA (1000 ha),56.31329877,5.119764272,7.504218732,41.14962654,0.092652855
Nanded,NITROGEN SHARE IN NPK (Percent),53.73123488,5.477378704,7.330159267,9.758105649,0.168605026
Nanded,BARREN AND UNCULTIVABLE LAND AREA (1000 ha),4.774061872,1.41147799,2.184962671,7.652248261,0.187380163
Nanded,NET CROPPED AREA (1000 ha),379.9004189,13.0921337,19.49103432,1.799936291,0.190105788
Nanded,CULTIVABLE WASTE LAND AREA (1000 ha),21.37513658,2.22149358,4.623325273,6.08229782,0.220066974
Nanded,Max Temp (Centigrate),0.131355052,0.304214952,0.362429376,0.908890313,0.226347254
Nanded,POTASH SHARE IN NPK (Percent),17.58007968,3.359080755,4.19286056,1316542.546,0.236231981
Nanded,PHOSPHATE SHARE IN NPK (Percent),28.87524161,4.096625264,5.373568796,18.35477541,0.290131181
Nanded,Min Temp (Centigrate),0.184042974,0.365124485,0.429002301,1.732859159,0.290824017
Nanded,Yield,13217659.56,2965.424545,3635.60993,18.73323754,0.333203061
Nanded,CURRENT FALLOW AREA (1000 ha),164.1851128,8.355042057,12.81347388,47.73533183,0.373394011
Nanded,FOREST AREA (1000 ha),9.37652896,1.781551195,3.062111846,2.061772935,0.392246348
Nanded,Production,58443.87332,189.9328117,241.751677,29.0597731,0.424165588
Nanded,Area,5537.956814,51.64803922,74.41744966,4.420186203,0.465661678
Nanded,PERMANENT PASTURES AREA (1000 ha),46.2120554,3.111788259,6.79794494,7.411573766,0.55498796
Nanded,GROSS CROPPED AREA (1000 ha),1122.465867,24.46216813,33.50322173,2.878742719,0.692525037
Nanded,POTASH PER HA OF GCA (Kg per ha),33.76843333,3.734705882,5.811061291,34.33657875,0.729450976
Nanded,POTASH CONSUMPTION (tons),25358534.04,3262.313725,5035.725771,35.02856142,0.746459898
Nanded,POTASH PER HA OF NCA (Kg per ha),48.20886275,4.405490196,6.943260239,34.29680789,0.756774944
Nanded,LAND PUT TO NONAGRICULTURAL USE AREA (1000 ha),3.539180496,0.826141877,1.881270979,2.144871262,0.776921973
Nanded,Irrigated Area,205.7672679,8.95229506,14.3445902,12869726.77,0.818388766
Nanded,CROPING INTENSITY (Percent),12.21916496,2.48716341,3.495592219,2.129656716,0.849785561
Nanded,PHOSPHATE PER HA OF GCA (Kg per ha),61.39231889,5.612313997,7.835325066,70.79840806,0.878441511
Nanded,PHOSPHATE CONSUMPTION (tons),45390201.39,4711.901961,6737.225051,37.62463119,0.887516969
Nanded,PHOSPHATE PER HA OF NCA (Kg per ha),86.93893137,6.497058824,9.324104856,37.81959245,0.891289241
Nanded,NITROGEN PER HA OF GCA (Kg per ha),72.18303243,6.562396551,8.496059818,28.51462814,0.931867991
Nanded,TOTAL CONSUMPTION (tons),199635331.8,9774.216071,14129.23677,25.77373494,0.939959401
Nanded,NITROGEN CONSUMPTION (tons),46366229.85,5168.70871,6809.275281,22.7107984,0.94467183
Nanded,TOTAL PER HA OF NCA (Kg per ha),358.9449562,13.03856978,18.94584272,25.37410031,0.945337583
Nanded,NITROGEN PER HA OF NCA (Kg per ha),84.61706654,7.033694367,9.198753532,24.79905011,0.948659269
Nasik,TOTAL AREA (1000 ha),0.005837128,0.042446744,0.076401101,0.002715213,-0.258903046
Nasik,Evapotranspiration (mm),5375.212605,59.61067873,73.31584143,10.42180378,-4.14E-05
Nasik,Annual Rainfall,44204.45803,177.3855248,210.2485625,19.51571747,0.070014227
Nasik,GROSS CROPPED AREA (1000 ha),3276.479795,34.65013261,57.24054328,3.599687364,0.150862138
Nasik,Max Temp (Centigrate),0.114791418,0.279039903,0.338808822,0.877705034,0.156434321
Nasik,BARREN AND UNCULTIVABLE LAND AREA (1000 ha),111.7195061,7.003103726,10.56974485,4.304395582,0.168506254
Nasik,Area,17838.74023,79.42176471,133.5617469,7.622966265,0.168550103
Nasik,OTHER FALLOW AREA (1000 ha),186.0306648,8.828961263,13.63930588,22.76436248,0.171466146
Nasik,NET CROPPED AREA (1000 ha),1014.855651,20.64135257,31.85679913,2.449745906,0.199410969
Nasik,CULTIVABLE WASTE LAND AREA (1000 ha),70.95404548,5.474545884,8.423422433,22.55987216,0.218406611
Nasik,CROPING INTENSITY (Percent),24.24441698,2.490264211,4.923861999,2.141639319,0.240673903
Nasik,Precipitation (mm),58118.63481,200.622226,241.0780679,23.41230277,0.277335663
Nasik,NITROGEN SHARE IN NPK (Percent),26.06628824,3.791176471,5.105515472,6.202928508,0.280642918
Nasik,Min Temp (Centigrate),0.131974766,0.313711543,0.363283314,1.657181091,0.28837398
Nasik,Yield,9198995.13,2350.344706,3032.984525,10.7075475,0.297231799
Nasik,PERMANENT PASTURES AREA (1000 ha),16.54045841,2.85781061,4.06699624,10.53317023,0.337067727
Nasik,POTASH SHARE IN NPK (Percent),12.28623651,2.576708869,3.505172821,778155.03,0.409010344
Nasik,PHOSPHATE SHARE IN NPK (Percent),19.92553325,3.469636181,4.463802554,14.85926407,0.434625458
Nasik,CURRENT FALLOW AREA (1000 ha),432.4889187,12.59601697,20.79636792,19.35272949,0.494383523
Nasik,Production,42117.03661,167.9523338,205.2243568,21.23901774,0.593829248
Nasik,FOREST AREA (1000 ha),27.34743375,3.356460948,5.229477388,1.030455087,0.853544558
Nasik,Irrigated Area,1102.500859,16.84243646,33.20392836,23552631.54,0.862214126
Nasik,POTASH PER HA OF GCA (Kg per ha),7.480610054,1.86072902,2.735070393,124894.0131,0.890242091
Nasik,POTASH CONSUMPTION (tons),6103209.776,1683.12428,2470.467522,117425927.4,0.911365421
Nasik,POTASH PER HA OF NCA (Kg per ha),7.602994929,1.868133957,2.757352884,144436.9551,0.915751399
Nasik,PHOSPHATE CONSUMPTION (tons),26678742.47,3436.598781,5165.146897,34.17808803,0.927320742
Nasik,LAND PUT TO NONAGRICULTURAL USE AREA (1000 ha),17.03095407,1.983081186,4.126857651,16.24564759,0.932144939
Nasik,PHOSPHATE PER HA OF GCA (Kg per ha),24.3612492,3.595639861,4.93571162,38.02878233,0.932228773
Nasik,PHOSPHATE PER HA OF NCA (Kg per ha),32.28751159,3.993622981,5.682210097,39.82179067,0.932893607
Nasik,NITROGEN PER HA OF GCA (Kg per ha),40.15981677,4.852484232,6.337177351,21.29064231,0.955718838
Nasik,TOTAL CONSUMPTION (tons),140827676.4,9004.030757,11867.08373,18.94778779,0.956469201
Nasik,TOTAL PER HA OF NCA (Kg per ha),154.0630025,9.784694813,12.41221183,19.12213652,0.963715915
Nasik,NITROGEN PER HA OF NCA (Kg per ha),42.80079312,5.466117031,6.542231509,21.36823434,0.964499848
Nasik,NITROGEN CONSUMPTION (tons),32312748.94,4838.853671,5684.430397,21.60817918,0.964795061
Osmanabad,Annual Rainfall,40047.57855,153.2915897,200.118911,119002589.1,0.059444246
Osmanabad,Evapotranspiration (mm),5309.118832,53.13135833,72.86370037,8.3705719,0.166157406
Osmanabad,Yield,12082050.66,2783.216072,3475.924433,19.86248512,0.173275469
Osmanabad,CULTIVABLE WASTE LAND AREA (1000 ha),163.6051442,7.075737132,12.79082265,10.96304273,0.2342144
Osmanabad,Precipitation (mm),33425.56732,144.9756398,182.8266045,24.42623504,0.257871313
Osmanabad,PERMANENT PASTURES AREA (1000 ha),3.919723829,1.293641625,1.979829242,3.518717379,0.266097191
Osmanabad,POTASH SHARE IN NPK (Percent),18.85118924,3.378444003,4.341795624,1173306.938,0.268315185
Osmanabad,Max Temp (Centigrate),0.118355589,0.299172537,0.344028471,0.910649564,0.29357891
Osmanabad,NITROGEN SHARE IN NPK (Percent),28.51632941,4.014117647,5.340068297,7.236058194,0.310919252
Osmanabad,Min Temp (Centigrate),0.155342246,0.333253604,0.394134807,1.693085898,0.331571294
Osmanabad,NET CROPPED AREA (1000 ha),3879.291765,33.40784314,62.28396073,3.112099651,0.377801535
Osmanabad,Production,386164.0938,457.010388,621.4210278,36.89899438,0.396443825
Osmanabad,CURRENT FALLOW AREA (1000 ha),960.4934451,19.5379931,30.99182868,22.87911236,0.462961058
Osmanabad,PHOSPHATE SHARE IN NPK (Percent),21.95611835,3.510707959,4.685735625,13.97758575,0.618497649
Osmanabad,Area,33778.8792,114.8239216,183.7903131,5.76123142,0.643851486
Osmanabad,POTASH PER HA OF GCA (Kg per ha),4.287647059,1.529019608,2.070663434,43.83077868,0.664690502
Osmanabad,Irrigated Area,2524.905781,32.47116316,50.24844059,79774306.73,0.71767649
Osmanabad,BARREN AND UNCULTIVABLE LAND AREA (1000 ha),5.988411885,1.404758116,2.447123186,6.738265815,0.719300275
Osmanabad,GROSS CROPPED AREA (1000 ha),7422.867989,61.59161467,86.15606762,4.39860146,0.732153442
Osmanabad,POTASH CONSUMPTION (tons),7828253.842,1961.588135,2797.901686,70193883.85,0.763376976
Osmanabad,OTHER FALLOW AREA (1000 ha),280.3640975,10.48288295,16.74407649,13.30039141,0.769124879
Osmanabad,POTASH PER HA OF NCA (Kg per ha),7.351664636,1.827635921,2.71139533,65010.58326,0.783492898
Osmanabad,NITROGEN PER HA OF GCA (Kg per ha),29.97028824,3.817843137,5.474512603,27.67937863,0.811786309
Osmanabad,FOREST AREA (1000 ha),0.858446784,0.460293965,0.926524033,12.63771719,0.828748352
Osmanabad,PHOSPHATE PER HA OF GCA (Kg per ha),14.65018112,2.680462152,3.827555501,66.11549635,0.870767195
Osmanabad,NITROGEN CONSUMPTION (tons),47992395.39,5159.431373,6927.654393,27.39967734,0.877723868
Osmanabad,NITROGEN PER HA OF NCA (Kg per ha),46.8323098,5.134901961,6.843413608,27.29855864,0.882739098
Osmanabad,TOTAL CONSUMPTION (tons),195759503.4,9995.54902,13991.4082,29.26798301,0.886149381
Osmanabad,PHOSPHATE CONSUMPTION (tons),30584271.55,3647.470588,5530.304833,46.04800743,0.887992932
Osmanabad,CROPING INTENSITY (Percent),42.37392487,4.623369001,6.509525702,3.389254794,0.898061549
Osmanabad,TOTAL PER HA OF NCA (Kg per ha),147.2577067,9.277521826,12.13497865,38.16733298,0.916756656
Osmanabad,PHOSPHATE PER HA OF NCA (Kg per ha),23.31765067,3.442914956,4.828835333,69.05915157,0.917607465
Osmanabad,TOTAL AREA (1000 ha),56.00862745,1.756862745,7.483891197,0.12206892,0.928093927
Osmanabad,LAND PUT TO NONAGRICULTURAL USE AREA (1000 ha),1.903865794,0.962807107,1.379806434,3.211516183,0.967031453
Parbhani,Evapotranspiration (mm),5114.465479,55.29499246,71.51549118,8.261432081,-3.01E-06
Parbhani,OTHER FALLOW AREA (1000 ha),229.1996442,10.19946289,15.13934094,43.15163098,0.054638644
Parbhani,Precipitation (mm),38059.45751,152.7971911,195.0883326,22.54865001,0.136437628
Parbhani,Annual Rainfall,55044.57646,193.6696676,234.6158061,24.5223228,0.150343055
Parbhani,POTASH SHARE IN NPK (Percent),30.67616409,3.072186292,5.538606692,1559472.775,0.187990151
Parbhani,NITROGEN SHARE IN NPK (Percent),30.61526863,3.858235294,5.533106598,6.509167935,0.26433527
Parbhani,PHOSPHATE SHARE IN NPK (Percent),33.59655693,4.151560046,5.796253698,23.15457922,0.287453741
Parbhani,Max Temp (Centigrate),0.124220884,0.300582878,0.352449832,0.892965683,0.327514324
Parbhani,Min Temp (Centigrate),0.171786038,0.351912143,0.414470793,1.721599383,0.370235405
Parbhani,Yield,10676585.43,2609.438126,3267.504465,17.23666451,0.3939382
Parbhani,FOREST AREA (1000 ha),2.392549512,0.800758524,1.546786835,2.202649451,0.41621923
Parbhani,LAND PUT TO NONAGRICULTURAL USE AREA (1000 ha),14.44942802,2.674122795,3.801240326,7.618500492,0.425755447
Parbhani,CULTIVABLE WASTE LAND AREA (1000 ha),89.01791719,4.800807188,9.434930693,23.78489095,0.43821826
Parbhani,BARREN AND UNCULTIVABLE LAND AREA (1000 ha),0.597419981,0.449731772,0.77292948,2.75799996,0.485044219
Parbhani,Production,123576.5583,274.6950141,351.5345763,27.10595505,0.560326615
Parbhani,Area,20596.92049,96.53686275,143.5162726,5.56680663,0.628320997
Parbhani,NET CROPPED AREA (1000 ha),1362.865246,22.18985299,36.91700483,2.506365376,0.685208925
Parbhani,CURRENT FALLOW AREA (1000 ha),399.1205832,12.2170864,19.97800248,29.8360929,0.690596898
Parbhani,Irrigated Area,568.9473885,14.91972456,23.85261806,22145591.43,0.805321484
Parbhani,POTASH PER HA OF GCA (Kg per ha),2.740322616,1.112113515,1.655391983,39495.44461,0.805552888
Parbhani,GROSS CROPPED AREA (1000 ha),4798.527257,49.71635005,69.27140288,4.191034082,0.817091861
Parbhani,POTASH CONSUMPTION (tons),4681087.843,1425.266321,2163.582178,82151566.88,0.842358488
Parbhani,PERMANENT PASTURES AREA (1000 ha),5.112941176,0.905882353,2.261181367,3.157187291,0.845413586
Parbhani,POTASH PER HA OF NCA (Kg per ha),6.845799371,1.690741812,2.616447854,73907.97215,0.851284392
Parbhani,PHOSPHATE PER HA OF GCA (Kg per ha),9.439490196,2.123921569,3.072375335,46.22785774,0.891051024
Parbhani,TOTAL AREA (1000 ha),459.6466667,3.066666667,21.43937188,0.279260329,0.901834578
Parbhani,NITROGEN PER HA OF GCA (Kg per ha),17.87589412,3.060392157,4.227989371,21.37348077,0.904778706
Parbhani,PHOSPHATE PER HA OF NCA (Kg per ha),18.78916532,3.026742742,4.334647081,69.12858866,0.92945285
Parbhani,PHOSPHATE CONSUMPTION (tons),11624185.8,2316.057765,3409.426021,66.99079828,0.932867206
Parbhani,CROPING INTENSITY (Percent),43.38435111,4.642295838,6.586679825,3.171242951,0.93473603
Parbhani,NITROGEN CONSUMPTION (tons),21749621.89,3253.87697,4663.648988,20.65658967,0.941829271
Parbhani,NITROGEN PER HA OF NCA (Kg per ha),27.96963466,3.896382311,5.288632589,22.62818167,0.951927829
Parbhani,TOTAL CONSUMPTION (tons),61951436.84,5355.623902,7870.923506,21.03879222,0.955509648
Parbhani,TOTAL PER HA OF NCA (Kg per ha),91.67269312,6.351313243,9.574585793,23.22836517,0.957594817
Pune,PHOSPHATE SHARE IN NPK (Percent),19.28245309,3.218449797,4.39117901,13.26505544,-0.065431772
Pune,CROPING INTENSITY (Percent),373.6508302,9.463401207,19.33004993,23083791.56,-0.000112534
Pune,TOTAL AREA (1000 ha),1.139762371,0.293250377,1.067596539,0.018727529,-7.40E-06
Pune,GROSS CROPPED AREA (1000 ha),35677.9055,97.9714178,188.885959,219938920.8,-5.84E-06
Pune,Max Temp (Centigrate),0.107858753,0.266853122,0.328418564,0.8564595,0.088755455
Pune,Precipitation (mm),88712.05036,236.0559397,297.8456821,24.47855654,0.13001826
Pune,Evapotranspiration (mm),5429.212265,62.3038301,73.68318848,11.35979169,0.140896849
Pune,Annual Rainfall,48299.82374,182.0104876,219.7722088,19.97538106,0.153102435
Pune,Min Temp (Centigrate),0.128130698,0.304877131,0.357953486,1.642601313,0.206605272
Pune,CURRENT FALLOW AREA (1000 ha),252.6490496,10.9274847,15.89493786,37.516315,0.257692038
Pune,CULTIVABLE WASTE LAND AREA (1000 ha),105.1824061,3.375070053,10.25584741,8.70002733,0.270308543
Pune,POTASH SHARE IN NPK (Percent),13.41535356,2.821884978,3.66269758,1159950.64,0.283966866
Pune,NITROGEN SHARE IN NPK (Percent),23.8330874,3.589858906,4.881914318,6.218126647,0.339419437
Pune,OTHER FALLOW AREA (1000 ha),137.1002041,6.177819745,11.70897964,18.15943238,0.453855138
Pune,PERMANENT PASTURES AREA (1000 ha),424.0593947,10.00480758,20.59270246,17.62381387,0.462247563
Pune,BARREN AND UNCULTIVABLE LAND AREA (1000 ha),261.740422,8.905937731,16.17839368,6.100044316,0.478426802
Pune,POTASH PER HA OF GCA (Kg per ha),41.4563865,3.751514471,6.438663409,5669146.413,0.659497694
Pune,NET CROPPED AREA (1000 ha),2704.452549,24.61176471,52.00435125,2.847187485,0.673922491
Pune,NITROGEN PER HA OF GCA (Kg per ha),267.0352522,8.595958498,16.3412133,16353053.34,0.695647848
Pune,Yield,6104680.06,2014.575617,2470.765076,9.699628383,0.706390067
Pune,PHOSPHATE PER HA OF GCA (Kg per ha),77.88421587,4.929820707,8.825203446,8501257.165,0.713188066
Pune,Area,26997.61398,112.2701986,164.3095067,7.860852112,0.73216279
Pune,Production,55875.75197,190.9093693,236.3805237,16.48769997,0.800484142
Pune,Irrigated Area,2958.388354,26.94500085,54.3910687,45682606.05,0.841666631
Pune,FOREST AREA (1000 ha),21.30527454,3.189528067,4.6157637,1.826340447,0.853309901
Pune,LAND PUT TO NONAGRICULTURAL USE AREA (1000 ha),350.5627528,10.13002691,18.72332109,16.37091775,0.887217254
Pune,PHOSPHATE PER HA OF NCA (Kg per ha),45.65639316,4.383152634,6.756951469,36.8171369,0.902476653
Pune,PHOSPHATE CONSUMPTION (tons),30463677.96,3471.991554,5519.391086,29.44944076,0.903801309
Pune,POTASH CONSUMPTION (tons),12744963.77,2320.309152,3570.008931,123847312.4,0.907635662
Pune,POTASH PER HA OF NCA (Kg per ha),18.28801926,2.729165199,4.276449375,203611.6231,0.91377557
Pune,NITROGEN PER HA OF NCA (Kg per ha),116.7165759,6.320453672,10.8035446,21.45985994,0.926179455
Pune,TOTAL PER HA OF NCA (Kg per ha),359.8862668,13.14140452,18.97066859,22.88036867,0.936217051
Pune,TOTAL CONSUMPTION (tons),214660527.6,10196.76586,14651.29781,19.33592089,0.94061372
Pune,NITROGEN CONSUMPTION (tons),43590381.9,5092.993901,6602.301258,18.77787237,0.956012672
Ratnagiri,CROPING INTENSITY (Percent),86.24726275,3.637647059,9.28694044,3.11789633,-0.027192738
Ratnagiri,Evapotranspiration (mm),2525.223597,41.47708711,50.25160292,4.817224697,0.044158697
Ratnagiri,Annual Rainfall,285187.4993,433.1436238,534.0294929,13.80637531,0.051885034
Ratnagiri,Min Temp (Centigrate),0.112755496,0.279282312,0.335790852,1.247271981,0.08797065
Ratnagiri,Yield,18859329.62,3115.689556,4342.732966,28.0345026,0.114991891
Ratnagiri,PHOSPHATE SHARE IN NPK (Percent),23.58170062,3.521198812,4.856099321,19.56027018,0.129537598
Ratnagiri,Max Temp (Centigrate),0.079197843,0.22613141,0.281421113,0.750651714,0.150080027
Ratnagiri,Precipitation (mm),753629.8635,723.0637368,868.1185769,21.65512002,0.181010229
Ratnagiri,PERMANENT PASTURES AREA (1000 ha),16.83628127,2.04274232,4.103203781,14.21386199,0.263828648
Ratnagiri,POTASH SHARE IN NPK (Percent),21.14226106,3.1143066,4.59807145,1219574.851,0.330857176
Ratnagiri,BARREN AND UNCULTIVABLE LAND AREA (1000 ha),98.61251349,5.995728709,9.930383351,1.801137363,0.339632434
Ratnagiri,NITROGEN SHARE IN NPK (Percent),28.23071607,4.138974153,5.313258517,6.430731822,0.359281448
Ratnagiri,NET CROPPED AREA (1000 ha),266.1013466,11.80415602,16.31261311,3.236775981,0.372198584
Ratnagiri,GROSS CROPPED AREA (1000 ha),1174.272157,15.4745098,34.26765467,3.622978372,0.375309917
Ratnagiri,CURRENT FALLOW AREA (1000 ha),76.02292519,5.577442631,8.719112638,13.81141362,0.483241409
Ratnagiri,POTASH PER HA OF NCA (Kg per ha),2.452079957,1.248096446,1.565911861,32.91002503,0.484637799
Ratnagiri,POTASH PER HA OF GCA (Kg per ha),1.841053232,1.035160743,1.356854168,29.72904871,0.485864923
Ratnagiri,LAND PUT TO NONAGRICULTURAL USE AREA (1000 ha),10.34980392,1.42745098,3.217111114,5.115386251,0.502197408
Ratnagiri,PHOSPHATE PER HA OF NCA (Kg per ha),5.017323529,1.59,2.239938287,36.92301653,0.511342843
Ratnagiri,CULTIVABLE WASTE LAND AREA (1000 ha),1494.082376,16.91004666,38.65336177,6.797236939,0.518986674
Ratnagiri,POTASH CONSUMPTION (tons),330758.3205,450.2766696,575.1159192,32.13742905,0.537662501
Ratnagiri,PHOSPHATE CONSUMPTION (tons),691653.1569,563.1568627,831.6568745,35.5028158,0.558010275
Ratnagiri,PHOSPHATE PER HA OF GCA (Kg per ha),2.781688657,1.227312222,1.667839518,30.0337962,0.584710065
Ratnagiri,OTHER FALLOW AREA (1000 ha),1203.332745,17.03333333,34.68908683,10.12358536,0.592221089
Ratnagiri,Area,3414.47126,32.56039559,58.43347722,11.50727197,0.698380131
Ratnagiri,FOREST AREA (1000 ha),4.025882353,0.88627451,2.006460155,2.213938544,0.752515071
Ratnagiri,TOTAL PER HA OF NCA (Kg per ha),49.34630562,5.503322991,7.024692564,23.11801799,0.781885897
Ratnagiri,TOTAL CONSUMPTION (tons),6613654.762,2039.972552,2571.702697,24.53742511,0.811064442
Ratnagiri,NITROGEN PER HA OF NCA (Kg per ha),19.74147448,3.643869059,4.443137909,24.66316889,0.815517917
Ratnagiri,NITROGEN PER HA OF GCA (Kg per ha),14.65885195,2.942598422,3.828688019,22.98791051,0.818693622
Ratnagiri,NITROGEN CONSUMPTION (tons),2668957.032,1284.253777,1633.69429,23.33182999,0.838481094
Ratnagiri,Irrigated Area,38.57223335,3.352345235,6.210654825,10572988.66,0.844855845
Ratnagiri,Production,1338.43886,27.77397085,36.58468067,8.167429819,0.86716971
Ratnagiri,TOTAL AREA (1000 ha),33.93529412,0.831372549,5.825400769,0.062992614,0.905500207
Sangli,TOTAL AREA (1000 ha),0.000192235,0.003808446,0.01386489,0.000442302,-7.40E-06
Sangli,NET CROPPED AREA (1000 ha),635.9246126,15.67044926,25.21754573,2.707251909,0.04451684
Sangli,POTASH SHARE IN NPK (Percent),47.76455119,4.395293712,6.911190287,3028430.694,0.057604153
Sangli,CULTIVABLE WASTE LAND AREA (1000 ha),68.53321463,5.743125913,8.278479005,52.28144843,0.060061943
Sangli,CURRENT FALLOW AREA (1000 ha),288.743671,9.602151121,16.99245924,42.00210441,0.13008071
Sangli,Annual Rainfall,25828.75096,128.9721271,160.713257,22.24339137,0.137096159
Sangli,Evapotranspiration (mm),5399.991182,57.11558459,73.48463229,8.980854288,0.161694772
Sangli,NITROGEN SHARE IN NPK (Percent),39.13447711,4.499739594,6.255755519,8.690760688,0.16459505
Sangli,Area,11135.28457,73.81812473,105.5238578,8.228215414,0.174778609
Sangli,Max Temp (Centigrate),0.088671349,0.256321233,0.297777349,0.806772442,0.199996534
Sangli,OTHER FALLOW AREA (1000 ha),97.71522106,6.307596784,9.885100963,12.2093152,0.203220927
Sangli,Min Temp (Centigrate),0.124017302,0.293712139,0.352160904,1.50131207,0.217633055
Sangli,Precipitation (mm),36798.14523,146.6395141,191.8284265,25.25821842,0.270470264
Sangli,PHOSPHATE SHARE IN NPK (Percent),13.95163195,2.786135696,3.735188342,14.13981701,0.295800257
Sangli,GROSS CROPPED AREA (1000 ha),1591.208102,29.60506711,39.88994989,4.474102593,0.409792214
Sangli,BARREN AND UNCULTIVABLE LAND AREA (1000 ha),2.793055903,0.984366241,1.671243819,2.421408578,0.636787778
Sangli,Production,53483.64372,179.6173622,231.2653102,21.54502877,0.650471621
Sangli,Yield,8344209.425,2274.550919,2888.634526,10.3440884,0.659927745
Sangli,CROPING INTENSITY (Percent),22.43523458,3.225917917,4.736584696,2.816388474,0.684433872
Sangli,PERMANENT PASTURES AREA (1000 ha),0.637058824,0.441176471,0.798159648,2.447621766,0.71455814
Sangli,FOREST AREA (1000 ha),1.470831804,0.701549172,1.212778547,1.485078962,0.727462298
Sangli,POTASH PER HA OF GCA (Kg per ha),54.06749179,4.558088331,7.353060029,32.13898814,0.763208437
Sangli,Irrigated Area,964.1800083,15.30773403,31.0512481,27657311.56,0.788424626
Sangli,POTASH CONSUMPTION (tons),24150709.03,3150.783261,4914.33709,32.56152989,0.795505369
Sangli,POTASH PER HA OF NCA (Kg per ha),63.15623654,5.132910363,7.947089816,32.83430758,0.807470933
Sangli,PHOSPHATE CONSUMPTION (tons),19592386.43,2950.705882,4426.328776,29.29602223,0.87523883
Sangli,LAND PUT TO NONAGRICULTURAL USE AREA (1000 ha),19.21802813,2.391027629,4.383837147,12.98414732,0.879165681
Sangli,PHOSPHATE PER HA OF GCA (Kg per ha),35.02587255,4.151568627,5.918266009,27.42767069,0.880553577
Sangli,PHOSPHATE PER HA OF NCA (Kg per ha),51.7543549,4.817058824,7.194049965,27.65493883,0.882678354
Sangli,NITROGEN PER HA OF GCA (Kg per ha),101.8331412,7.851372549,10.09124081,22.65773108,0.889969969
Sangli,NITROGEN CONSUMPTION (tons),49161940.29,5514.921569,7011.557623,23.94083865,0.899368448
Sangli,TOTAL CONSUMPTION (tons),197164222.6,10638.45098,14041.51782,25.53199217,0.900838817
Sangli,NITROGEN PER HA OF NCA (Kg per ha),132.8458314,8.972156863,11.5258766,22.49888351,0.904124537
Sangli,TOTAL PER HA OF NCA (Kg per ha),518.549202,17.48764706,22.77167543,24.58444744,0.907417506
Satara,TOTAL AREA (1000 ha),0.014117647,0.039215686,0.118817705,0.003706061,-0.369127517
Satara,CURRENT FALLOW AREA (1000 ha),185.7372482,10.03947822,13.62854534,60.06402688,0.119654765
Satara,BARREN AND UNCULTIVABLE LAND AREA (1000 ha),97.83704982,7.154904259,9.891261286,6.599538406,0.124593887
Satara,Max Temp (Centigrate),0.095308573,0.259285052,0.308720866,0.858844,0.125887491
Satara,Min Temp (Centigrate),0.125423253,0.289841513,0.354151454,1.533396987,0.150158015
Satara,Annual Rainfall,49176.23029,174.346657,221.7571426,16.31042077,0.208344774
Satara,Precipitation (mm),56232.0653,196.499959,237.1330118,25.75692057,0.233683656
Satara,Evapotranspiration (mm),4215.483199,52.27791059,64.92675257,9.257222185,0.243526552
Satara,Area,7674.11803,60.6075653,87.60204353,6.852059543,0.260633965
Satara,OTHER FALLOW AREA (1000 ha),94.83971442,6.533069137,9.738568397,12.91492024,0.286078212
Satara,POTASH SHARE IN NPK (Percent),11.22650312,2.535812561,3.350597427,1023877.254,0.305285099
Satara,CULTIVABLE WASTE LAND AREA (1000 ha),96.38150917,3.531840925,9.817408475,49.91030553,0.318091903
Satara,NITROGEN SHARE IN NPK (Percent),21.81223,3.467289406,4.670356518,5.918562816,0.361917372
Satara,PHOSPHATE SHARE IN NPK (Percent),14.79274221,2.844968141,3.84613341,12.82998912,0.381019101
Satara,NET CROPPED AREA (1000 ha),904.6705875,15.59371336,30.07774239,2.811561381,0.449930435
Satara,GROSS CROPPED AREA (1000 ha),954.5410904,21.54329309,30.89564841,3.300176632,0.469283298
Satara,PERMANENT PASTURES AREA (1000 ha),130.9141157,4.105952298,11.44177065,11.28708392,0.609904632
Satara,FOREST AREA (1000 ha),2.994946572,0.876753169,1.730591394,0.61581955,0.702164792
Satara,CROPING INTENSITY (Percent),7.072590196,1.856666667,2.659434187,1.572709372,0.768991989
Satara,Yield,4705094.333,1769.226664,2169.122941,8.088325177,0.772227384
Satara,LAND PUT TO NONAGRICULTURAL USE AREA (1000 ha),11.01490196,1.090196078,3.318870585,5.340940069,0.775089965
Satara,POTASH PER HA OF GCA (Kg per ha),26.3543998,3.028359243,5.13365365,25.120944,0.77858919
Satara,POTASH CONSUMPTION (tons),11181975.6,2036.686234,3343.946112,24.5576502,0.781198896
Satara,POTASH PER HA OF NCA (Kg per ha),36.4673963,3.632134743,6.038824082,25.37992488,0.792730687
Satara,Irrigated Area,1632.507604,21.17983349,40.40430181,42669412.62,0.817310159
Satara,Production,19598.22316,118.7500722,139.993654,12.96151101,0.832220909
Satara,PHOSPHATE CONSUMPTION (tons),13120152.59,2252.071175,3622.175118,24.30563505,0.851828911
Satara,PHOSPHATE PER HA OF GCA (Kg per ha),29.9086613,3.256316479,5.468881175,22.90845502,0.853903324
Satara,PHOSPHATE PER HA OF NCA (Kg per ha),42.6689463,3.937383472,6.532147143,23.35406003,0.859917418
Satara,TOTAL CONSUMPTION (tons),122830114.8,7193.54448,11082.87484,17.43331959,0.886904638
Satara,TOTAL PER HA OF NCA (Kg per ha),391.6492554,12.83330821,19.79013025,18.17877609,0.894941637
Satara,NITROGEN CONSUMPTION (tons),27997242.39,3847.692773,5291.242046,17.83842299,0.902807304
Satara,NITROGEN PER HA OF GCA (Kg per ha),59.98557165,5.620274885,7.745035291,18.0647787,0.907210726
Satara,NITROGEN PER HA OF NCA (Kg per ha),86.66284574,6.7073522,9.309288143,18.63755637,0.91156805
Solapur,PHOSPHATE SHARE IN NPK (Percent),21.45508607,2.831005901,4.631963522,11.92383414,-0.452684468
Solapur,NITROGEN SHARE IN NPK (Percent),27.06767059,3.56627451,5.202659953,6.114691403,-0.112517769
Solapur,GROSS CROPPED AREA (1000 ha),11339.519,66.60750377,106.4871776,6.33098876,-0.000127269
Solapur,Annual Rainfall,31162.39157,136.7432127,176.5287273,26.05615475,-3.02E-05
Solapur,CURRENT FALLOW AREA (1000 ha),5214.559913,42.75214932,72.21190977,58.75471115,-1.33E-05
Solapur,NET CROPPED AREA (1000 ha),8810.461776,42.86597583,93.86406009,4.73105761,0.039890963
Solapur,FOREST AREA (1000 ha),3.187041844,1.016433626,1.785228793,3.049612984,0.073248474
Solapur,Evapotranspiration (mm),7227.359188,66.10738102,85.01387645,11.4838164,0.158845686
Solapur,PERMANENT PASTURES AREA (1000 ha),108.3522374,5.751299036,10.40923808,12.33875633,0.217339401
Solapur,Area,49329.8725,131.103495,222.1032924,8.118623259,0.246124834
Solapur,Max Temp (Centigrate),0.105099867,0.283101389,0.324191096,0.84230556,0.267817177
Solapur,Min Temp (Centigrate),0.144226559,0.31650629,0.37977172,1.559722831,0.276438384
Solapur,Precipitation (mm),28066.11543,131.7687975,167.5294465,27.85860679,0.278214949
Solapur,BARREN AND UNCULTIVABLE LAND AREA (1000 ha),10.83567473,1.80784777,3.291758608,2.723756211,0.288578111
Solapur,Yield,8745197.128,2346.177402,2957.227947,13.27930203,0.314451594
Solapur,Production,221220.5455,350.2770588,470.3408822,31.77594896,0.34101032
Solapur,CROPING INTENSITY (Percent),23.78109985,2.466271868,4.876586906,2.175735608,0.363609065
Solapur,CULTIVABLE WASTE LAND AREA (1000 ha),49.86457788,4.373403385,7.061485529,21.59072799,0.370788262
Solapur,POTASH SHARE IN NPK (Percent),10.21778045,2.523905298,3.19652631,1703734.029,0.38306197
Solapur,OTHER FALLOW AREA (1000 ha),560.3111851,15.74051259,23.67089321,16.4023462,0.441305446
Solapur,Irrigated Area,2862.182776,28.30666667,53.49937174,37000016.4,0.762207083
Solapur,PHOSPHATE PER HA OF GCA (Kg per ha),52.56503922,4.354509804,7.250175116,27.96567178,0.793599473
Solapur,PHOSPHATE CONSUMPTION (tons),69385379.27,4936.45098,8329.788669,30.61591966,0.804501082
Solapur,PHOSPHATE PER HA OF NCA (Kg per ha),65.91377647,4.807843137,8.118729979,28.13545267,0.80789293
Solapur,TOTAL AREA (1000 ha),6.555103212,1.218763529,2.560293579,0.081740417,0.830704979
Solapur,LAND PUT TO NONAGRICULTURAL USE AREA (1000 ha),5.501073231,1.424963921,2.345436682,19.76142094,0.835324998
Solapur,TOTAL CONSUMPTION (tons),578136366.2,14829.41176,24044.46644,20.91373403,0.853419694
Solapur,TOTAL PER HA OF NCA (Kg per ha),541.4002373,14.69862745,23.26800888,22.23994397,0.858061491
Solapur,POTASH PER HA OF GCA (Kg per ha),16.79695994,2.709869003,4.09840944,31.91787308,0.864486402
Solapur,NITROGEN PER HA OF NCA (Kg per ha),113.6112887,7.238875986,10.65885963,27.77341355,0.883737753
Solapur,NITROGEN CONSUMPTION (tons),116601855.4,7199.606206,10798.2339,24.54297804,0.884228827
Solapur,NITROGEN PER HA OF GCA (Kg per ha),74.3279614,5.865505447,8.621366562,23.71033925,0.896965959
Solapur,POTASH CONSUMPTION (tons),17536610.26,2666.222675,4187.67361,26.72085174,0.89806588
Solapur,POTASH PER HA OF NCA (Kg per ha),15.96313678,2.74698878,3.99538944,140243.2188,0.903300923
Thane,Evapotranspiration (mm),2260.418955,40.66146682,47.54386348,5.51515273,-0.000126889
Thane,Annual Rainfall,236658.6052,404.2093137,486.4756985,17.62438807,-8.61E-05
Thane,Production,3482.231676,44.96438765,59.01043701,16.90114966,0.056255845
Thane,Max Temp (Centigrate),0.101464355,0.259035328,0.3185347,0.810114418,0.118756557
Thane,PHOSPHATE SHARE IN NPK (Percent),27.0656767,3.935802135,5.202468328,24.52141625,0.119057656
Thane,Min Temp (Centigrate),0.126645441,0.302949711,0.355872788,1.376423209,0.160054505
Thane,CROPING INTENSITY (Percent),25.370044,3.020845455,5.036868472,2.754296633,0.178021191
Thane,Precipitation (mm),669973.8488,649.5160797,818.5193026,30.13230255,0.222467221
Thane,PHOSPHATE CONSUMPTION (tons),685468.0934,471.975169,827.9300051,27.65341136,0.249525746
Thane,POTASH SHARE IN NPK (Percent),30.88218828,3.632535387,5.557174487,26.98358573,0.292180883
Thane,CULTIVABLE WASTE LAND AREA (1000 ha),41.21462149,3.89436976,6.419861485,12.48699943,0.357834881
Thane,FOREST AREA (1000 ha),291.3337983,7.072651075,17.06850311,1.892575328,0.383706622
Thane,PHOSPHATE PER HA OF GCA (Kg per ha),6.671380515,1.783380747,2.582901569,30.17287511,0.384064988
Thane,PHOSPHATE PER HA OF NCA (Kg per ha),6.864834622,1.781700179,2.620082942,29.42768966,0.423626706
Thane,POTASH CONSUMPTION (tons),222322.451,372.8039216,471.5108175,31.24259252,0.466791974
Thane,GROSS CROPPED AREA (1000 ha),833.155373,18.29346372,28.86443093,6.330088363,0.506455307
Thane,Yield,9602779.262,2127.466096,3098.835146,25.84355157,0.514751529
Thane,POTASH PER HA OF GCA (Kg per ha),3.165847059,1.387058824,1.779282737,33.01203407,0.516482336
Thane,NET CROPPED AREA (1000 ha),650.0155122,16.31293008,25.49540178,5.989081197,0.528232104
Thane,OTHER FALLOW AREA (1000 ha),26.98464238,2.735034059,5.194674425,22.83501684,0.542836292
Thane,POTASH PER HA OF NCA (Kg per ha),3.284229954,1.418745575,1.812244452,32.29771719,0.54540841
Thane,NITROGEN SHARE IN NPK (Percent),46.09898433,4.881085115,6.789623283,7.38362334,0.554348242
Thane,PERMANENT PASTURES AREA (1000 ha),141.1526524,5.510213688,11.88076817,8.06892934,0.568781026
Thane,CURRENT FALLOW AREA (1000 ha),68.14750871,4.819529075,8.255150435,1423956.862,0.679320648
Thane,BARREN AND UNCULTIVABLE LAND AREA (1000 ha),54.22885711,3.660797808,7.364024519,6.708669189,0.710045183
Thane,Irrigated Area,17.34294118,1.711764706,4.164485704,12411777.32,0.850737254
Thane,LAND PUT TO NONAGRICULTURAL USE AREA (1000 ha),79.18312385,5.168787391,8.898489976,10.58960478,0.852813732
Thane,Area,836.3030321,15.06466078,28.91890441,6.23954116,0.857217731
Thane,TOTAL CONSUMPTION (tons),5190087.623,1661.653787,2278.176381,16.80601437,0.895217132
Thane,TOTAL AREA (1000 ha),0.025294118,0.041176471,0.159041245,0.004412554,0.901873341
Thane,NITROGEN PER HA OF GCA (Kg per ha),50.59620784,5.488627451,7.113101141,22.69810133,0.908119951
Thane,TOTAL PER HA OF NCA (Kg per ha),80.58048737,7.305031774,8.976663488,19.76031151,0.908177933
Thane,NITROGEN CONSUMPTION (tons),2333325.196,1216.72549,1527.522568,20.22544839,0.932054352
Thane,NITROGEN PER HA OF NCA (Kg per ha),40.30869171,5.027560186,6.34891264,21.04478237,0.933864011
Wardha,Max Temp (Centigrate),0.155574431,0.307078804,0.394429247,0.919417367,-0.048823655
Wardha,TOTAL AREA (1000 ha),0.000380192,0.009238311,0.019498513,0.00146887,-0.009060651
Wardha,Precipitation (mm),34433.27228,149.1094532,185.5620443,13.7102249,-0.00046338
Wardha,Evapotranspiration (mm),4197.652386,54.20490196,64.78929222,7.150668634,-0.000121569
Wardha,Annual Rainfall,59507.14848,192.3733786,243.9408709,19.77412817,-0.000106663
Wardha,NITROGEN SHARE IN NPK (Percent),73.92654677,6.618650365,8.598054825,11.41731841,0.044299228
Wardha,POTASH SHARE IN NPK (Percent),31.08192048,4.34843237,5.575116185,2232718.237,0.054193139
Wardha,PHOSPHATE SHARE IN NPK (Percent),50.91842717,5.405691465,7.135714902,26.39232844,0.057201541
Wardha,BARREN AND UNCULTIVABLE LAND AREA (1000 ha),8.574267777,1.628693901,2.928185065,14.93701201,0.208467328
Wardha,Min Temp (Centigrate),0.184739092,0.353100362,0.429812857,1.667941286,0.232612082
Wardha,FOREST AREA (1000 ha),14.08529159,2.491703372,3.753037648,3.783985932,0.245940534
Wardha,CULTIVABLE WASTE LAND AREA (1000 ha),3.708211649,1.141115072,1.92567174,6.950774293,0.31770211
Wardha,Yield,10915559.79,2447.699273,3303.870425,17.01244624,0.346604033
Wardha,OTHER FALLOW AREA (1000 ha),34.08454381,3.887509486,5.838196966,40.1510137,0.476680155
Wardha,PERMANENT PASTURES AREA (1000 ha),20.61647059,1.658823529,4.540536377,3.431174889,0.518645068
Wardha,Area,1051.584571,21.30672677,32.42814474,3.485720366,0.540650824
Wardha,GROSS CROPPED AREA (1000 ha),407.9937517,14.66103729,20.19885521,3.484775656,0.554012871
Wardha,Production,9554.391009,74.68477799,97.7465652,19.93059828,0.581837349
Wardha,LAND PUT TO NONAGRICULTURAL USE AREA (1000 ha),5.390205971,1.473986361,2.321681712,3.688256954,0.63855756
Wardha,CROPING INTENSITY (Percent),27.52352549,2.623921569,5.246286829,2.312282807,0.718752347
Wardha,POTASH PER HA OF GCA (Kg per ha),14.55906721,2.783377171,3.815634575,125148.639,0.83046628
Wardha,POTASH CONSUMPTION (tons),2941133.454,1216.584773,1714.97331,76925153.48,0.834188497
Wardha,CURRENT FALLOW AREA (1000 ha),105.1641632,5.148895341,10.25495798,28.75961086,0.835175742
Wardha,Irrigated Area,60.25536296,4.957521265,7.762432799,9858712.073,0.854304008
Wardha,PHOSPHATE PER HA OF GCA (Kg per ha),38.53912353,4.349215686,6.207988686,45.22023284,0.860704064
Wardha,PHOSPHATE CONSUMPTION (tons),7354072.529,1915.823529,2711.839326,45.16544901,0.872917821
Wardha,NITROGEN PER HA OF GCA (Kg per ha),61.26440429,5.873682952,7.827158123,20.44484895,0.880803877
Wardha,PHOSPHATE PER HA OF NCA (Kg per ha),51.35825098,4.943529412,7.16646712,44.87022688,0.887822506
Wardha,NITROGEN CONSUMPTION (tons),11355375.31,2521.881999,3369.773778,19.47862924,0.89203811
Wardha,NITROGEN PER HA OF NCA (Kg per ha),83.81602933,7.001468222,9.155109466,21.86855989,0.902240463
Wardha,NET CROPPED AREA (1000 ha),66.36489239,5.607081647,8.146465024,1.436629078,0.924408912
Wardha,TOTAL CONSUMPTION (tons),31206298.41,3993.598616,5586.259787,19.42566492,0.932176907
Wardha,TOTAL PER HA OF NCA (Kg per ha),225.9653467,10.98535179,15.03214378,20.64535788,0.939333033
Yeotmal,FOREST AREA (1000 ha),308.5629872,10.97144453,17.56596104,4.26245501,-0.055798896
Yeotmal,TOTAL AREA (1000 ha),0.000380192,0.009238311,0.019498513,0.000683337,-0.009060651
Yeotmal,Annual Rainfall,42035.18792,144.2560772,205.0248471,17.84654453,-0.004526332
Yeotmal,Precipitation (mm),40427.96471,157.4047775,201.0670652,15.88303645,-0.000538812
Yeotmal,Evapotranspiration (mm),3109.452099,45.09131222,55.76246138,5.925024051,-0.00031604
Yeotmal,Max Temp (Centigrate),0.135962315,0.304280106,0.368730681,0.906290095,0.134177467
Yeotmal,NET CROPPED AREA (1000 ha),373.2557343,12.1753881,19.31982749,1.442930864,0.157649762
Yeotmal,PHOSPHATE SHARE IN NPK (Percent),33.75149122,4.506809855,5.809603362,19.73717003,0.200965076
Yeotmal,CURRENT FALLOW AREA (1000 ha),41.00610816,3.947280611,6.403601187,13.59344714,0.254783316
Yeotmal,NITROGEN SHARE IN NPK (Percent),35.80133685,4.660929754,5.983421834,8.206838938,0.259608968
Yeotmal,Production,47393.15945,172.6232284,217.6997002,24.54228602,0.263672888
Yeotmal,Min Temp (Centigrate),0.188026301,0.36093467,0.433619996,1.68750019,0.273097344
Yeotmal,POTASH SHARE IN NPK (Percent),18.72037951,3.053450222,4.326705388,1149678.999,0.283765047
Yeotmal,CULTIVABLE WASTE LAND AREA (1000 ha),25.5309054,3.29862765,5.052811633,11.45298055,0.309728648
Yeotmal,Yield,9709883.625,2625.520964,3116.068617,15.43936107,0.382701126
Yeotmal,OTHER FALLOW AREA (1000 ha),39.38552343,3.843797303,6.27578867,10.8543509,0.512009039
Yeotmal,Area,4441.672604,47.10588235,66.64587462,3.896820959,0.52660588
Yeotmal,BARREN AND UNCULTIVABLE LAND AREA (1000 ha),11.99666667,1.582352941,3.463620457,3.440962962,0.611663947
Yeotmal,Irrigated Area,207.3554632,8.344148034,14.39984247,15522107.77,0.730471372
Yeotmal,PERMANENT PASTURES AREA (1000 ha),9.069411765,1.333333333,3.011546408,1.899585448,0.806465507
Yeotmal,POTASH PER HA OF NCA (Kg per ha),6.413247916,1.70212585,2.532439124,81993.65154,0.851055803
Yeotmal,CROPING INTENSITY (Percent),6.105846458,1.579409188,2.471001104,1.430457684,0.851360558
Yeotmal,POTASH PER HA OF GCA (Kg per ha),4.58738001,1.45117033,2.141816988,69240.00011,0.852389434
Yeotmal,GROSS CROPPED AREA (1000 ha),551.6738256,15.17933894,23.48773777,1.680770001,0.853285543
Yeotmal,POTASH CONSUMPTION (tons),4577021.333,1446.5243,2139.397423,85966690.88,0.85336377
Yeotmal,PHOSPHATE PER HA OF GCA (Kg per ha),12.99598516,2.632314405,3.604994475,46.17420532,0.91476288
Yeotmal,PHOSPHATE CONSUMPTION (tons),12077441.27,2469.640235,3475.261324,49.20170449,0.919419995
Yeotmal,PHOSPHATE PER HA OF NCA (Kg per ha),16.33144411,2.832450548,4.041218147,45.14964043,0.921353688
Yeotmal,LAND PUT TO NONAGRICULTURAL USE AREA (1000 ha),9.379779465,1.767319194,3.062642562,3.6977698,0.941154404
Yeotmal,TOTAL PER HA OF NCA (Kg per ha),101.517636,7.080576701,10.07559606,22.07664966,0.94561684
Yeotmal,NITROGEN PER HA OF GCA (Kg per ha),20.67449648,3.371277037,4.546921649,20.41605469,0.946191811
Yeotmal,NITROGEN PER HA OF NCA (Kg per ha),23.7760037,3.732078727,4.876064366,22.53425852,0.95544231
Yeotmal,NITROGEN CONSUMPTION (tons),16437244.5,3093.255161,4054.287175,22.74726121,0.957360836
Yeotmal,TOTAL CONSUMPTION (tons),47077545.78,4945.866744,6861.307877,23.53150713,0.96511258
